operator_id,user_id,op_weekly_median,team_weekly_median,n_references,p15_threshold,p_value,fail_out
910594.0,166940,28.0,50.0,1,50.0,0.5,False
914050.0,167487,29.0,158.0,1,158.0,0.25,False
924948.0,167497,30.5,35.5,5,32.0,0.1205,False
938842.0,167175,31.0,84.5,2,83.4,0.1,False
918452.0,167359,32.0,36.0,2,36.0,0.1145,False
937898.0,168187,32.0,100.0,19,45.4,0.15,False
891746.0,166680,33.0,91.0,12,59.3,0.0769,False
938612.0,167828,33.0,60.0,1,60.0,0.2,False
906396.0,166916,34.0,55.0,3,47.3,0.0873,False
924960.0,167497,34.0,35.5,5,29.9,0.2321,False
932836.0,167497,35.5,34.0,5,29.9,0.4707,False
912722.0,167359,36.0,34.0,2,32.6,0.618,False
924356.0,167359,36.0,34.0,2,32.6,0.5473,False
898920.0,167009,37.0,61.2,2,59.7,0.3333,False
922428.0,167747,37.0,55.8,2,48.9,0.0857,False
910524.0,167031,42.5,211.0,1,211.0,0.3333,False
896708.0,166941,43.0,76.0,3,56.8,0.35,False
906412.0,166916,44.0,55.0,3,40.3,0.3412,False
919126.0,167645,46.0,61.0,1,61.0,0.6,False
922476.0,167747,46.0,51.2,2,41.3,0.4,False
937810.0,168187,47.0,100.0,19,38.6,0.0126,False
924950.0,167497,48.0,34.0,5,29.9,0.5619,False
896390.0,166941,48.5,76.0,3,52.9,0.6,False
972460.0,166940,50.0,28.0,1,28.0,1.0,False
939470.0,166405,52.0,113.0,4,82.6,0.3429,False
937988.0,168187,52.0,100.0,19,38.6,0.0252,False
958434.0,168091,53.0,96.5,8,51.0,0.0667,False
906400.0,166916,55.0,44.0,3,37.0,0.5369,False
960296.0,166680,57.0,91.0,12,59.3,0.0901,False
925828.0,166536,57.5,59.0,1,59.0,0.5556,False
932050.0,166680,58.0,91.0,12,59.0,0.0901,False
925826.0,166536,59.0,57.5,1,57.5,0.6667,False
898414.0,167009,59.0,50.2,2,41.0,0.6667,False
890420.0,166658,60.0,73.0,8,35.6,0.5,False
972412.0,166680,60.0,91.0,12,57.6,0.3077,False
940438.0,167828,60.0,33.0,1,33.0,0.8571,False
937862.0,168187,60.0,100.0,19,38.6,0.0247,False
919128.0,167645,61.0,46.0,1,46.0,0.75,False
898906.0,167009,63.5,48.0,2,40.3,0.8333,False
892028.0,166520,64.0,74.0,3,42.5,0.4,False
936382.0,167580,64.0,194.8,2,135.1,0.1905,False
930020.0,167888,65.0,81.5,1,81.5,0.2798,False
922474.0,167747,65.5,41.5,2,38.4,0.8667,False
937874.0,168187,65.5,100.0,19,38.6,0.2,False
890416.0,166658,66.0,73.0,8,35.3,0.6973,False
890412.0,166658,69.0,71.5,8,35.3,0.5768,False
958480.0,168091,69.0,96.5,8,50.2,0.2667,False
937788.0,168187,70.0,100.0,19,38.6,0.1396,False
943050.0,166680,73.0,91.0,12,57.6,0.3846,False
941628.0,166680,73.5,91.0,12,57.6,0.3956,False
884946.0,166520,74.0,64.0,3,39.5,0.5441,False
906394.0,166916,75.0,44.0,3,37.0,0.959,False
896386.0,166941,76.0,48.5,3,44.6,0.75,False
890410.0,166658,77.0,67.5,8,35.3,0.9269,False
972410.0,166680,77.0,89.2,12,57.6,0.5385,False
904014.0,167112,77.0,330.5,2,211.8,0.1154,False
890402.0,166658,78.0,67.5,8,35.3,0.9718,False
899968.0,167011,78.0,104.0,3,104.0,0.1862,False
953464.0,168412,78.0,286.0,5,70.2,0.0952,False
882686.0,166405,81.5,113.0,4,66.4,0.4458,False
928886.0,167888,81.5,65.0,1,65.0,0.7817,False
958430.0,168091,82.0,90.0,8,50.2,0.6121,False
905842.0,167175,83.0,58.5,2,39.2,0.8462,False
902532.0,166405,84.0,111.8,4,65.3,0.3177,False
890406.0,166658,85.0,67.5,8,35.3,0.9595,False
896382.0,166941,85.0,48.5,3,44.6,0.8,False
890404.0,166658,86.0,67.5,8,35.3,0.9951,False
905844.0,167175,86.0,57.0,2,38.8,0.8615,False
952466.0,168412,88.0,286.0,5,64.2,0.5,False
937854.0,168187,91.0,100.0,19,38.6,0.2624,False
924934.0,167497,99.0,34.0,5,29.9,0.899,False
937708.0,168187,100.0,91.0,19,38.6,0.4775,False
937760.0,168187,103.0,91.0,19,38.6,0.6946,False
899790.0,167011,104.0,104.0,3,85.8,0.6736,False
899964.0,167011,104.0,104.0,3,85.8,0.5714,False
947644.0,168062,104.0,258.0,19,81.2,0.0148,False
954642.0,166680,105.0,75.2,12,57.6,0.7758,False
960672.0,167580,109.5,172.0,2,96.4,0.6667,False
947652.0,168062,110.0,258.0,19,81.2,0.0298,False
948758.0,168336,110.5,137.0,3,121.6,0.4286,False
958478.0,168091,111.0,75.5,8,50.2,0.6848,False
947614.0,168062,114.0,258.0,19,81.2,0.3147,False
903318.0,166997,115.0,139.0,3,131.3,0.1824,False
958416.0,168336,115.0,137.0,3,118.4,0.5,False
937808.0,168187,120.0,91.0,19,38.6,0.7561,False
899932.0,167011,121.0,104.0,3,85.8,0.9331,False
937966.0,168187,121.0,91.0,19,38.6,0.8149,False
901886.0,166983,122.0,149.0,1,149.0,0.5,False
932498.0,166680,124.0,75.2,12,57.6,0.4142,False
937780.0,168187,126.0,91.0,19,38.6,0.7332,False
958452.0,168091,127.0,75.5,8,50.2,0.9333,False
909502.0,166997,128.0,139.0,3,122.2,0.302,False
932502.0,166680,134.0,75.2,12,57.6,0.8828,False
939222.0,168021,136.0,123.5,2,72.0,0.4444,False
947304.0,168336,137.0,115.0,3,111.8,0.6736,False
905432.0,166997,139.0,128.0,3,118.9,0.5,False
880026.0,166377,142.0,158.0,1,158.0,0.3889,False
902510.0,166405,142.0,82.8,4,65.3,0.6582,False
883942.0,166495,143.0,159.0,1,159.0,0.5,False
906866.0,166485,144.5,209.5,3,108.4,0.5714,False
960294.0,166680,148.0,75.2,12,57.6,0.9011,False
937888.0,168187,148.0,91.0,19,38.6,0.9154,False
901884.0,166983,149.0,122.0,1,122.0,0.914,False
937902.0,168187,152.0,91.0,19,38.6,0.9298,False
880028.0,166377,158.0,142.0,1,142.0,0.7187,False
914052.0,167487,158.0,29.0,1,29.0,0.8,False
883940.0,166495,159.0,143.0,1,143.0,0.6667,False
917234.0,166680,159.5,75.2,12,57.6,0.9588,False
932500.0,166680,160.0,75.2,12,57.6,0.9858,False
951648.0,167112,161.0,288.5,2,140.4,0.6667,False
905542.0,167150,165.0,66.5,3,66.2,0.7499,False
958418.0,168336,166.0,115.0,3,111.8,0.95,False
958468.0,168091,181.0,75.5,8,50.2,0.9576,False
947604.0,168062,185.0,258.0,19,81.2,0.2028,False
937736.0,168187,185.0,91.0,19,38.6,0.9985,False
893674.0,166520,187.5,64.0,3,39.5,0.9585,False
947642.0,168062,193.5,258.0,19,81.2,0.3425,False
891410.0,166511,195.0,198.0,1,198.0,0.5,False
939224.0,168021,197.0,93.0,2,62.9,0.8333,False
891414.0,166511,198.0,195.0,1,195.0,0.5625,False
940652.0,168252,198.5,368.0,9,205.8,0.2517,False
940596.0,168252,203.0,368.0,9,202.2,0.1439,False
887282.0,166485,209.5,144.5,3,88.8,0.5235,False
910530.0,167031,211.0,42.5,1,42.5,1.0,False
940624.0,168252,217.0,368.0,9,199.4,0.0723,False
907174.0,166485,232.0,144.5,3,88.8,0.8903,False
947592.0,168062,239.5,258.0,19,81.2,0.2527,False
937860.0,168187,242.0,91.0,19,38.6,0.9704,False
945894.0,168018,245.0,592.0,3,484.6,0.2,False
958456.0,168091,251.0,75.5,8,50.2,1.0,False
905538.0,167150,255.0,66.5,3,66.2,0.9875,False
947638.0,168062,258.0,239.5,19,81.2,0.3653,False
940634.0,168252,258.0,368.0,9,199.4,0.3035,False
937752.0,168187,262.0,91.0,19,38.6,0.9965,False
905430.0,166997,269.0,128.0,3,118.9,1.0,False
947620.0,168062,269.0,239.5,19,81.2,0.3915,False
937372.0,167580,280.0,86.8,2,70.8,1.0,False
952468.0,168412,286.0,88.0,5,64.2,0.7222,False
919376.0,167626,298.0,415.5,35,329.6,0.1383,False
921592.0,167626,299.5,415.5,35,329.6,0.1189,False
938074.0,168025,305.5,383.0,4,350.2,0.4,False
882690.0,166405,313.0,82.8,4,65.3,0.9444,False
919372.0,167626,328.0,415.5,35,324.2,0.1959,False
938080.0,168025,330.0,383.0,4,336.8,0.4,False
947618.0,168062,333.5,239.5,19,81.2,0.5775,False
965542.0,168361,340.5,415.0,19,362.2,0.0762,False
953462.0,168412,342.0,88.0,5,64.2,0.9048,False
921584.0,167626,344.0,415.5,35,322.6,0.0455,False
919306.0,167626,344.5,415.5,35,322.6,0.1959,False
919456.0,167626,357.5,415.5,35,322.6,0.0413,False
952392.0,168062,359.0,239.5,19,81.2,0.6853,False
919200.0,167626,367.0,415.5,35,322.6,0.0724,False
940658.0,168252,368.0,258.0,9,199.4,0.6014,False
945324.0,168361,368.5,415.0,19,347.4,0.0633,False
947650.0,168062,370.0,239.5,19,81.2,0.7768,False
938078.0,168025,375.0,360.5,4,316.5,0.6,False
945282.0,168361,375.5,415.0,19,347.4,0.0989,False
920416.0,167626,389.0,415.5,35,322.6,0.2089,False
933070.0,168025,391.0,352.5,4,316.5,0.6,False
945288.0,168361,391.0,415.0,19,347.4,0.0781,False
922710.0,167626,391.5,415.5,35,322.6,0.2972,False
919464.0,167626,393.5,415.5,35,322.6,0.1189,False
919482.0,167626,398.5,415.5,35,322.6,0.2089,False
945316.0,168361,401.0,415.0,19,347.4,0.0781,False
919906.0,167626,403.5,415.5,35,322.6,0.2814,False
965540.0,168361,403.5,415.0,19,347.4,0.3857,False
964666.0,168252,407.0,258.0,9,199.4,0.8909,False
950972.0,168252,408.0,258.0,9,199.4,0.8909,False
919370.0,167626,409.0,415.5,35,322.6,0.1598,False
921574.0,167626,411.5,415.5,35,322.6,0.266,False
945296.0,168361,412.5,415.0,19,347.4,0.1232,False
945308.0,168361,415.0,412.5,19,347.4,0.1622,False
919188.0,167626,415.5,411.5,35,322.6,0.4866,False
947646.0,168062,416.0,239.5,19,81.2,0.92,False
952458.0,168412,417.0,88.0,5,64.2,0.8571,False
940616.0,168252,419.0,258.0,9,199.4,0.6597,False
902746.0,167125,433.0,466.0,5,260.7,0.6039,False
947616.0,168062,435.0,239.5,19,81.2,0.9558,False
919382.0,167626,437.5,411.5,35,322.6,0.2814,False
945902.0,168018,438.5,592.0,3,349.1,0.4524,False
947658.0,168062,450.0,239.5,19,81.2,0.9852,False
961064.0,168252,452.0,258.0,9,199.4,1.0,False
902748.0,167125,466.0,433.0,5,260.7,0.8452,False
919490.0,167626,474.0,411.5,35,322.6,0.5735,False
920414.0,167626,474.0,411.5,35,322.6,0.3625,False
947654.0,168062,479.0,239.5,19,81.2,0.9684,False
919476.0,167626,492.5,411.5,35,322.6,0.653,False
902744.0,167125,494.5,433.0,5,260.7,0.7857,False
945304.0,168361,496.5,412.5,19,347.4,0.2777,False
904016.0,167112,500.0,119.0,2,89.6,0.9697,False
919318.0,167626,507.0,411.5,35,322.6,0.6358,False
919374.0,167626,516.0,411.5,35,322.6,0.67,False
902776.0,167125,536.0,433.0,5,260.7,0.9286,False
919362.0,167626,546.0,411.5,35,322.6,0.749,False
919192.0,167626,570.0,411.5,35,322.6,0.7775,False
945294.0,168361,570.0,412.5,19,347.4,0.7627,False
919504.0,167626,585.0,411.5,35,322.6,0.9418,False
945900.0,168018,592.0,438.5,3,303.0,0.8095,False
919310.0,167626,596.0,411.5,35,322.6,0.7911,False
945310.0,168361,599.0,412.5,19,347.4,0.5615,False
945278.0,168361,606.5,412.5,19,347.4,0.8768,False
919302.0,167626,618.0,411.5,35,322.6,0.8512,False
919202.0,167626,637.5,411.5,35,322.6,0.8402,False
965544.0,168361,638.5,412.5,19,347.4,0.881,False
919314.0,167626,652.5,411.5,35,322.6,0.8811,False
945290.0,168361,664.0,412.5,19,347.4,0.6565,False
938070.0,168025,671.0,352.5,4,316.5,1.0,False
919196.0,167626,687.5,411.5,35,322.6,0.9065,False
947648.0,168062,707.0,239.5,19,81.2,1.0,False
919162.0,167626,754.0,411.5,35,322.6,0.9065,False
923666.0,167626,775.0,411.5,35,322.6,0.8068,False
945322.0,168361,848.5,412.5,19,347.4,0.9896,False
945904.0,168018,868.0,438.5,3,303.0,0.8036,False
945286.0,168361,1120.5,412.5,19,347.4,1.0,False
945302.0,168361,1149.0,412.5,19,347.4,0.9993,False
919364.0,167626,1303.5,411.5,35,322.6,0.9949,False
929426.0,167827,1405.0,2186.0,1,2186.0,0.375,False
929428.0,167827,2186.0,1405.0,1,1405.0,0.6667,False
925922.0,166582,4988.0,5191.0,1,5191.0,0.6,False
885890.0,166582,5191.0,4988.0,1,4988.0,0.6923,False
937678.0,168187,28.0,100.0,19,45.4,0.0001,True
923250.0,166520,29.0,74.0,3,67.0,0.0179,True
924930.0,167497,29.0,35.5,5,32.6,0.0368,True
958440.0,168091,30.0,96.5,8,53.8,0.0061,True
937762.0,168187,30.0,100.0,19,45.4,0.0003,True
890422.0,166658,30.5,73.0,8,60.3,0.0164,True
891154.0,166658,34.0,73.0,8,60.3,0.0009,True
937868.0,168187,41.5,100.0,19,42.5,0.0056,True
952460.0,168412,43.5,286.0,5,84.0,0.0317,True
947636.0,168062,49.0,258.0,19,97.4,0.0006,True
939218.0,168021,50.0,166.5,2,145.2,0.0357,True
958432.0,168091,50.0,96.5,8,53.8,0.041,True
887276.0,166485,65.0,209.5,3,164.0,0.0046,True
905566.0,167150,66.0,165.0,3,96.0,0.0411,True
905564.0,167150,66.5,165.0,3,95.7,0.0483,True
947640.0,168062,69.0,258.0,19,97.4,0.0058,True
940614.0,168252,70.0,368.0,9,205.8,0.0168,True
947600.0,168062,79.5,258.0,19,97.4,0.0158,True
947598.0,168062,82.0,258.0,19,96.6,0.006,True
919194.0,167626,250.5,415.5,35,329.6,0.0304,True
902782.0,167125,255.0,466.0,5,365.6,0.0159,True
902774.0,167125,264.5,466.0,5,361.8,0.0317,True
919198.0,167626,273.0,415.5,35,329.6,0.0197,True
919378.0,167626,320.5,415.5,35,329.6,0.0086,True
921596.0,167626,322.0,415.5,35,329.6,0.0413,True
945320.0,168361,336.5,415.0,19,362.2,0.0104,True
945312.0,168361,347.0,415.0,19,362.2,0.018,True
945284.0,168361,347.5,415.0,19,362.0,0.0104,True
